<?xml version="1.0" encoding="UTF-8"?>

<beans xmlns="http://www.springframework.org/schema/beans"
	xmlns:xsi="http://www.w3.org/2001/XMLSchema-instance"
	xsi:schemaLocation="http://www.springframework.org/schema/beans
       http://www.springframework.org/schema/beans/spring-beans.xsd">


	<bean id="properties"
		class="org.springframework.beans.factory.config.PropertyPlaceholderConfigurer">
		<property name="location">
			<value>oracle.properties</value>
		</property>
	</bean>

	<bean id="dataSource"
		class="org.springframework.jdbc.datasource.DriverManagerDataSource">
		<property name="driverClassName" value="${db.driver}" />
		<property name="url" value="${db.url}" />
		<property name="username" value="${db.user}" />
		<property name="password" value="${db.password}" />
	</bean>
	<bean id="jdbcTemplate" class="org.springframework.jdbc.core.JdbcTemplate">
		<constructor-arg ref="dataSource" />
	</bean>
	<bean id="employeeDao" class="com.igate.jdbc.dao.EmployeeDaoImpl">
		<property name="jdbcTemplate" ref="jdbcTemplate" />
	</bean>
	
	<bean id="employeeService" class="com.igate.jdbc.service.EmployeeServiceImpl">
		<property name="dao" ref="employeeDao" />
	</bean>

</beans>
